Student_Number,Name,UnitMark,Grade
1001,Sophia Lee,90,HD
1002,Liam Walker,67,C
1003,Ella Green,61,C
1004,Mason White,52,P
1005,Ava Hall,45,F
1006,Logan King,53,P
1007,Chloe Hill,70,D
1008,Jacob Adams,68,C
1010,Noah Murphy,38,F
1011,Isabella Bell,86,HD
1012,Lucas Ross,74,D
1013,Evelyn Cox,63,C
1015,Abigail Foster,41,F
1016,Daniel Price,92,HD
1017,Harper Gray,79,D
1018,James Long,66,C
1019,Charlotte Perez,57,P
1020,Benjamin Rivera,25,F
1021,Amelia Brooks,81,HD
1022,Alexander Kelly,71,D
1023,Elizabeth Scott,60,C
1024,Michael Sanders,54,P
1025,Sofia Russell,48,F
1026,William Wright,97,HD
1027,Mila Cooper,76,D
1028,David Perry,69,C
1030,Gabriel Turner,33,F
